[
  {
    "name": "theme_info",
    "theme_name": "Coffee House Pro",
    "theme_version": "1.0.0",
    "theme_author": "Your Store",
    "theme_documentation_url": "",
    "theme_support_url": ""
  },
  {
    "name": "Colors",
    "settings": [
      {
        "type": "color",
        "id": "color_primary",
        "label": "Primary Color",
        "default": "#f59e0b"
      },
      {
        "type": "color",
        "id": "color_secondary",
        "label": "Secondary Color",
        "default": "#d97706"
      },
      {
        "type": "color",
        "id": "color_text",
        "label": "Text Color",
        "default": "#ffffff"
      }
    ]
  },
  {
    "name": "Typography",
    "settings": [
      {
        "type": "font_picker",
        "id": "type_header_font",
        "label": "Heading Font",
        "default": "assistant_n4"
      },
      {
        "type": "font_picker",
        "id": "type_body_font",
        "label": "Body Font",
        "default": "assistant_n4"
      }
    ]
  },
  {
    "name": "Layout",
    "settings": [
      {
        "type": "range",
        "id": "page_width",
        "min": 1000,
        "max": 1600,
        "step": 100,
        "unit": "px",
        "label": "Page Width",
        "default": 1200
      }
    ]
  },
  {
    "name": "Favicon",
    "settings": [
      {
        "type": "image_picker",
        "id": "favicon",
        "label": "Favicon"
      }
    ]
  }
]